{"cameraMode":{"drawMode":0,"name":"Shaded","section":"Shading Mode"},"sceneLighting":false,"audioPlay":false,"sceneViewState":{"m_AlwaysRefresh":false,"showFog":true,"showSkybox":false,"showFlares":true,"showImageEffects":true,"showParticleSystems":true,"showVisualEffectGraphs":true,"m_FxEnabled":true},"in2DMode":false,"pivot":{"x":0.34922242164611819,"y":1.2844130992889405,"z":-0.2559623122215271},"rotation":{"x":-0.062120743095874789,"y":-0.7598741054534912,"z":0.0734056681394577,"w":-0.642963707447052},"size":1.4581482410430909,"orthographic":false}