{"cameraMode":{"drawMode":0,"name":"Shaded","section":"Shading Mode"},"sceneLighting":false,"audioPlay":false,"sceneViewState":{"m_AlwaysRefresh":false,"showFog":false,"showSkybox":false,"showFlares":false,"showImageEffects":false,"showParticleSystems":false,"showVisualEffectGraphs":true,"m_FxEnabled":true},"in2DMode":false,"pivot":{"x":-0.01104937493801117,"y":0.6776542663574219,"z":0.26022273302078249},"rotation":{"x":0.021595746278762819,"y":-0.6133432984352112,"z":0.016713131219148637,"w":0.7893911004066467},"size":1.2715758085250855,"orthographic":false}