{"cameraMode":{"drawMode":0,"name":"Shaded","section":"Shading Mode"},"sceneLighting":false,"audioPlay":false,"sceneViewState":{"m_AlwaysRefresh":false,"showFog":true,"showSkybox":false,"showFlares":true,"showImageEffects":true,"showParticleSystems":true,"showVisualEffectGraphs":true,"m_FxEnabled":true},"in2DMode":false,"pivot":{"x":0.646340012550354,"y":0.09912961721420288,"z":1.3768657445907593},"rotation":{"x":-0.18584001064300538,"y":-0.0964277982711792,"z":0.018124684691429139,"w":-0.9777529835700989},"size":2.062244415283203,"orthographic":false}