{"cameraMode":{"drawMode":0,"name":"Shaded","section":"Shading Mode"},"sceneLighting":true,"audioPlay":false,"sceneViewState":{"m_AlwaysRefresh":false,"showFog":true,"showSkybox":true,"showFlares":true,"showImageEffects":true,"showParticleSystems":true,"showVisualEffectGraphs":true,"m_FxEnabled":true},"in2DMode":false,"pivot":{"x":-29.256933212280275,"y":0.8031322956085205,"z":6.703552722930908},"rotation":{"x":0.017223188653588296,"y":0.7053024768829346,"z":-0.017152590677142144,"w":0.7085645198822022},"size":1.2869962453842164,"orthographic":false}