{"cameraMode":{"drawMode":0,"name":"Shaded","section":"Shading Mode"},"sceneLighting":false,"audioPlay":false,"sceneViewState":{"m_AlwaysRefresh":false,"showFog":true,"showSkybox":false,"showFlares":true,"showImageEffects":true,"showParticleSystems":true,"showVisualEffectGraphs":true,"m_FxEnabled":true},"in2DMode":false,"pivot":{"x":0.03196513652801514,"y":1.0047152042388917,"z":-0.39010319113731387},"rotation":{"x":-0.06973476707935333,"y":-0.6967789530754089,"z":0.06836511939764023,"w":-0.71064692735672},"size":0.9206427931785584,"orthographic":false}