{"cameraMode":{"drawMode":0,"name":"Shaded","section":"Shading Mode"},"sceneLighting":false,"audioPlay":false,"sceneViewState":{"m_AlwaysRefresh":false,"showFog":true,"showSkybox":false,"showFlares":true,"showImageEffects":true,"showParticleSystems":true,"showVisualEffectGraphs":true,"m_FxEnabled":true},"in2DMode":false,"pivot":{"x":0.12814906239509583,"y":1.0540486574172974,"z":-0.7725675106048584},"rotation":{"x":-0.07525952160358429,"y":-0.19471193850040437,"z":0.014980350621044636,"w":-0.9778834581375122},"size":0.8362520337104797,"orthographic":false}