{"cameraMode":{"drawMode":0,"name":"Shaded","section":"Shading Mode"},"sceneLighting":false,"audioPlay":false,"sceneViewState":{"m_AlwaysRefresh":false,"showFog":true,"showSkybox":false,"showFlares":true,"showImageEffects":true,"showParticleSystems":true,"showVisualEffectGraphs":true,"m_FxEnabled":true},"in2DMode":false,"pivot":{"x":-0.00018739700317382813,"y":0.8521242141723633,"z":-0.007691957056522369},"rotation":{"x":-0.021308595314621927,"y":-0.020266195759177209,"z":0.00021489143546205014,"w":-0.999648928642273},"size":1.3469130992889405,"orthographic":false}