{"cameraMode":{"drawMode":0,"name":"Shaded","section":"Shading Mode"},"sceneLighting":false,"audioPlay":false,"sceneViewState":{"m_AlwaysRefresh":false,"showFog":true,"showSkybox":false,"showFlares":true,"showImageEffects":true,"showParticleSystems":true,"showVisualEffectGraphs":true,"m_FxEnabled":true},"in2DMode":false,"pivot":{"x":0.6083979606628418,"y":0.11098948121070862,"z":0.35077452659606936},"rotation":{"x":-0.22690917551517487,"y":-0.4145316481590271,"z":0.10753367841243744,"w":-0.8747388124465942},"size":0.9046406745910645,"orthographic":false}