{"cameraMode":{"drawMode":0,"name":"Shaded","section":"Shading Mode"},"sceneLighting":false,"audioPlay":false,"sceneViewState":{"m_AlwaysRefresh":false,"showFog":false,"showSkybox":false,"showFlares":false,"showImageEffects":false,"showParticleSystems":false,"showVisualEffectGraphs":true,"m_FxEnabled":true},"in2DMode":false,"pivot":{"x":0.042227283120155337,"y":0.8369389176368713,"z":0.17197102308273316},"rotation":{"x":0.13628150522708894,"y":-0.6531890034675598,"z":0.12106797844171524,"w":0.7349704504013062},"size":1.1415660381317139,"orthographic":false}