{"cameraMode":{"drawMode":0,"name":"Shaded","section":"Shading Mode"},"sceneLighting":false,"audioPlay":false,"sceneViewState":{"m_AlwaysRefresh":false,"showFog":true,"showSkybox":false,"showFlares":true,"showImageEffects":true,"showParticleSystems":true,"showVisualEffectGraphs":true,"m_FxEnabled":true},"in2DMode":false,"pivot":{"x":0.6394294500350952,"y":0.724459707736969,"z":-0.20126235485076905},"rotation":{"x":-0.13302217423915864,"y":-0.353619784116745,"z":0.050640687346458438,"w":-0.9245859384536743},"size":1.3469130992889405,"orthographic":false}