{"cameraMode":{"drawMode":0,"name":"Shaded","section":"Shading Mode"},"sceneLighting":false,"audioPlay":false,"sceneViewState":{"m_AlwaysRefresh":false,"showFog":true,"showSkybox":false,"showFlares":true,"showImageEffects":true,"showParticleSystems":true,"showVisualEffectGraphs":true,"m_FxEnabled":true},"in2DMode":false,"pivot":{"x":-0.00018739700317382813,"y":0.8521242141723633,"z":-0.004513159394264221},"rotation":{"x":-0.0842105895280838,"y":-0.006656943820416927,"z":0.0006009572534821928,"w":-0.996477484703064},"size":1.3413704633712769,"orthographic":false}